{"cameraMode":{"drawMode":0,"name":"Shaded","section":"Shading Mode"},"sceneLighting":false,"audioPlay":false,"sceneViewState":{"m_AlwaysRefresh":false,"showFog":true,"showSkybox":false,"showFlares":true,"showImageEffects":true,"showParticleSystems":true,"showVisualEffectGraphs":true,"m_FxEnabled":true},"in2DMode":false,"pivot":{"x":0.2277383804321289,"y":0.5333657264709473,"z":0.04364645481109619},"rotation":{"x":0.16697192192077638,"y":0.46306684613227847,"z":-0.08929730206727982,"w":0.8658626079559326},"size":1.5073950290679932,"orthographic":false}